jobId,numMaps,numReduces
job0,1,0
job1,1,1
job2,1,0
job3,1,0
job4,1,1
job5,4,0
job6,1,1
job7,1,0
job8,1,0
job9,155,20
job10,1,0
job11,1,0
job12,1,1
job13,1327,166
job14,216,27
job15,17,0
job16,1,1
job17,1,0
job18,1327,166
job19,7,1
job20,6,1
job21,6,1
job22,6,1
job23,6,1
job24,6,1
job25,6,1
job26,1,0
job27,1,1
job28,1,1
job29,1327,166
job30,1327,166
job31,1327,166
job32,1,1
job33,1,0
job34,1,0
job35,216,27
job36,3,0
job37,58,0
job38,1,0
job39,1535,192
job40,1,1
job41,1,0
job42,1,0
job43,1,1
job44,1,1
job45,16,2
job46,1,1
job47,216,27
job48,1,0
job49,1393,0
job50,1,0
job51,1,0
job52,2443,306
job53,2,0
job54,49,0
job55,1,1
job56,5228,654
job57,1,1
job58,1,1
job59,1,1
job60,7,0
job61,1,0
job62,119,0
job63,74,10
job64,3,0
job65,1,0
job66,1,1
job67,1,0
job68,2,0
job69,1,1
job70,219,28
job71,1,0
job72,1,0
job73,1,1
job74,1393,0
job75,1,1
job76,1,0
job77,1,1
job78,119,15
job79,1,1
job80,49,0
job81,49,0
job82,1,0
job83,1713,0
job84,1,0
job85,1,0
job86,216,27
job87,1,0
job88,1,1
job89,1,0
job90,1,0
job91,4,0
job92,15,2
job93,9,2
job94,15,2
job95,8,1
job96,1,0
job97,6,1
job98,8,1
job99,15,2
job100,2,0
job101,15,2
job102,8,1
job103,936,0
job104,1,1
job105,1,0
job106,1,1
job107,1,0
job108,1,1
job109,1,1
job110,2,1
job111,7,1
job112,1,0
job113,1,1
job114,1,0
job115,869,109
job116,8,1
job117,1,0
job118,1,0
job119,1,1
job120,216,27
job121,19,3
job122,19,3
job123,19,3
job124,19,3
job125,19,3
job126,19,3
job127,2,1
job128,49,0
job129,445,0
job130,1,0
job131,18,3
job132,3,0
job133,1,0
job134,1,1
job135,216,27
job136,1,0
job137,108,14
job138,1,0
job139,110,14
job140,6,1
job141,4,1
job142,6,1
job143,1,1
job144,1,0
job145,1393,0
job146,1,0
job147,1,1
job148,1,0
job149,1,1
job150,1,0
job151,4,1
job152,484,61
job153,1,0
job154,1,0
job155,1,0
job156,216,27
job157,12,0
job158,399,50
job159,156,20
job160,156,20
job161,1,0
job162,2,1
job163,7249,0
job164,1,0
job165,1,1
job166,1,0
job167,4,1
job168,4,1
job169,1,1
job170,1,0
job171,1,0
job172,1,1
job173,49,0
job174,1,1
job175,1,1
job176,1,0
job177,1,0
job178,1,0
job179,1,0
job180,1,1
job181,1,1
job182,1,1
job183,1,1
job184,1,1
job185,1,1
job186,1,1
job187,644,0
job188,21,3
job189,21,3
job190,1,0
job191,644,0
job192,603,76
job193,216,27
job194,1393,0
job195,1,1
job196,1,0
job197,1,0
job198,1,0
job199,1,0
job200,1,0
job201,1393,0
job202,1,1
job203,1,1
job204,216,27
job205,81,11
job206,1,1
job207,4,1
job208,63,0
job209,1,0
job210,7,1
job211,1,1
job212,1,1
job213,1,1
job214,1,1
job215,1,0
job216,1,1
job217,1,1
job218,1,1
job219,1,1
job220,49,0
job221,1,0
job222,1,0
job223,15,0
job224,465,0
job225,15,2
job226,1,0
job227,1543,193
job228,15,2
job229,1,0
job230,15,2
job231,1,1
job232,1,1
job233,2,0
job234,1,0
job235,1,0
job236,125,0
job237,216,27
job238,15,2
job239,1,0
job240,1,1
job241,9,2
job242,15,0
job243,868,109
job244,33,5
job245,1,0
job246,1,1
job247,1,0
job248,60,0
job249,1,0
job250,1,1
job251,1,1
job252,1,0
job253,1481,186
job254,19,3
job255,1,1
job256,1,0
job257,33,5
job258,1,1
job259,1,1
job260,1,0
job261,1,0
job262,1,0
job263,1393,0
job264,1,1
job265,1,1
job266,1,0
job267,7,1
job268,1,1
job269,1,1
job270,216,27
job271,24,3
job272,63,0
job273,7,1
job274,2,0
job275,1,0
job276,1,1
job277,8,1
job278,1,1
job279,1,0
job280,1,0
job281,1,0
job282,1,0
job283,1,1
job284,33,5
job285,15,2
job286,1,1
job287,1,1
job288,6,1
job289,3,1
job290,1,1
job291,1,0
job292,6,1
job293,1,1
job294,33,5
job295,1,1
job296,1,1
job297,1,0
job298,1,0
job299,1,0
job300,1,0
job301,1,0
job302,1,1
job303,1,1
job304,1,0
job305,1,0
job306,1,0
job307,1,0
job308,1,0
job309,1,0
job310,1,0
job311,1,1
job312,2,1
job313,1,0
job314,1,0
job315,1,0
job316,1,0
job317,1,1
job318,1,0
job319,1,0
job320,1,0
job321,1,0
job322,1,0
job323,1,0
job324,1,1
job325,1,0
job326,3,0
job327,18,3
job328,1,0
job329,15,2
job330,1,0
job331,1,0
job332,1,0
job333,1,0
job334,1,0
job335,1,0
job336,1,0
job337,1,0
job338,1,0
job339,1,0
job340,1,1
job341,1,0
job342,1,0
job343,1,1
job344,8,0
job345,1,0
job346,1,1
job347,216,27
job348,3,1
job349,1,0
job350,1,1
job351,1,1
job352,1,0
job353,1,1
job354,7,0
job355,2,0
job356,1,1
job357,8,1
job358,1,0
job359,15,2
job360,1,0
job361,1,0
job362,1,0
job363,1,0
job364,33,5
job365,1,0
job366,1,0
job367,1,1
job368,1,0
job369,1,0
job370,1,0
job371,1,0
job372,1,1
job373,1,1
job374,1,1
job375,1,1
job376,1,0
job377,1,1
job378,1,1
job379,1,0
job380,1,0
job381,1,0
job382,1,0
job383,1,1
job384,1,0
job385,33,0
job386,1,1
job387,1,1
job388,1,0
job389,1,1
job390,1,0
job391,1,0
job392,1,0
job393,1,1
job394,1,0
job395,1,1
job396,1,0
job397,1,0
job398,1,0
job399,1,0
job400,33,5
job401,892,112
job402,1,0
job403,1,1
job404,1,0
job405,8,0
job406,1,0
job407,1,1
job408,8,1
job409,1,1
job410,1,0
job411,1,0
job412,1,0
job413,1,0
job414,1,0
job415,1,0
job416,1,0
job417,1,0
job418,1,0
job419,1,0
job420,1,0
job421,1,0
job422,1,1
job423,8,0
job424,892,112
job425,1,0
job426,1,0
job427,1,0
job428,1,0
job429,1,1
job430,1,0
job431,1,1
job432,1,0
job433,1,0
job434,892,112
job435,8,0
job436,1,0
job437,1,0
job438,1,0
job439,1,0
job440,1,1
job441,1,1
job442,1,0
job443,1,0
job444,1,0
job445,1,0
job446,5,0
job447,1,0
job448,1,0
job449,1,0
job450,1,0
job451,1,1
job452,1,1
job453,1,1
job454,1,0
job455,1,0
job456,1,1
job457,1,0
job458,1,1
job459,1,0
job460,1,1
job461,1,1
job462,1,1
job463,1,1
job464,1,1
job465,1,1
job466,216,27
job467,1,0
job468,1,0
job469,1,1
job470,1,1
job471,1,1
job472,892,112
job473,1,1
job474,1,1
job475,1,0
job476,1,0
job477,1,0
job478,1,0
job479,1,0
job480,1,0
job481,2375,297
job482,33,0
job483,1,0
job484,1,0
job485,1,0
job486,1,0
job487,1,0
job488,1,0
job489,1,0
job490,1,0
job491,1,0
job492,1,0
job493,1,0
job494,1,0
job495,1,0
job496,1,0
job497,1,0
job498,1,1
job499,1,0
job500,1,1
job501,1,0
job502,1,1
job503,1,0
job504,1,0
job505,1,0
job506,1,1
job507,1,1
job508,1,1
job509,1,1
job510,1,1
job511,1,1
job512,1,1
job513,1,1
job514,1,1
job515,236,30
job516,1,0
job517,1,1
job518,1,1
job519,1,0
job520,1,1
job521,1,0
job522,1,0
job523,1,1
job524,1,1
job525,892,112
job526,6,1
job527,1,1
job528,1,0
job529,1,1
job530,1,0
job531,1,0
job532,892,112
job533,1,1
job534,2,0
job535,1,1
job536,1,1
job537,1,1
job538,1,1
job539,1,1
job540,8,1
job541,2,1
job542,1,1
job543,1,1
job544,1,1
job545,1,1
job546,1,1
job547,1,1
job548,1,1
job549,1,1
job550,1,0
job551,892,112
